Config,mean_auc,mean_accuracy,mean_precision,mean_recall,mean_f1
3,0.9537129537129537,0.8741935483870968,0.9339966832138031,0.8102564102564103,0.8645989975846252
